name,id,tier,base value,range,damage/second,damage/shot,emp,impact,turn rate,OPs,ammo,ammo/sec,type,energy/shot,energy/second,chargeup,chargedown,burst size,burst delay,min spread,max spread,spread/shot,spread decay/sec,beam speed,proj speed,launch speed,flight time,proj hitpoints,hints,number
Bluelight,bluelight,2,5000,1200,300,,,10,15,,,,KINETIC,,300,0.5,1,,,,,,,3000,,,,,,2696
Tractorbeam,tractorbeam,1,1,600,0,,450,1000,5,0,,,ENERGY,,500,0.5,0.1,,,,,,,1500,,,,,,1000
Destructor,destructor,1,100,400,300,100,,0,30,0,50,10,HIGH_EXPLOSIVE,,65,,0.001,0.075,0.001,,,,,10000,,,,,,1001
Beam Weapon,beam_weapon,1,1,1000,800,,,0,5,0,,,ENERGY,,500,3,1,,,,,,,10000,,,,,,1002
Dual Hellbore Cannon,dualhellbore,0,4000,900,,750,,200,5,16,100,,HIGH_EXPLOSIVE,825,,0,1.5,1,,0,10,5,10,,500,,,400,,8
All Seeing Eye,seeingeye,3,5000,900,1500,,,10,5,0,,,HIGH_EXPLOSIVE,,750,3,2,,,,,,,9000,,,,,,2696
Lesser Seeing Eye,miniseeingeye,2,2500,650,750,,,10,7,0,,,HIGH_EXPLOSIVE,,400,0.5,0.25,,5,,,,,9000,,,,,,2697
Mass Accelerator Cannon,Mass Cannon,0,1000000,5000,,10000,10000,10000000,0,,,,ENERGY,2500,,10,20,1,,0,0,0,0,,2500,,,,"SYSTEM,SHOW_IN_CODEX",doom
,,,,,,,,,,,,,,,,,,,,,,,,,,,,,,
,,,,,,,,,,,,,,,,,,,,,,,,,,,,,,
,,,,,,,,,,,,,,,,,,,,,,,,,,,,,,
,,,,,,,,,,,,,,,,,,,,,,,,,,,,,,
,,,,,,,,,,,,,,,,,,,,,,,,,,,,,,
,,,,,,,,,,,,,,,,,,,,,,,,,,,,,,
,,,,,,,,,,,,,,,,,,,,,,,,,,,,,,
,,,,,,,,,,,,,,,,,,,,,,,,,,,,,,
,,,,,,,,,,,,,,,,,,,,,,,,,,,,,,
,,,,,,,,,,,,,,,,,,,,,,,,,,,,,,
,,,,,,,,,,,,,,,,,,,,,,,,,,,,,,
All Seeing Eye Emitter,seeingeye_emitter,,,,,,,,,,,,,,,,,,,,,,,,,,,,SYSTEM,2698
Mass Cannon Emmiter,masscannon_emitter,,,,,,,,,,,,,,,,,,,,,,,,,,,,SYSTEM,2699
,,,,,,,,,,,,,,,,,,,,,,,,,,,,,,
,,,,,,,,,,,,,,,,,,,,,,,,,,,,,,
,,,,,,,,,,,,,,,,,,,,,,,,,,,,,,
,,,,,,,,,,,,,,,,,,,,,,,,,,,,,,
,,,,,,,,,,,,,,,,,,,,,,,,,,,,,,
,,,,,,,,,,,,,,,,,,,,,,,,,,,,,,
,,,,,,,,,,,,,,,,,,,,,,,,,,,,,,
,,,,,,,,,,,,,,,,,,,,,,,,,,,,,,
,,,,,,,,,,,,,,,,,,,,,,,,,,,,,,
,,,,,,,,,,,,,,,,,,,,,,,,,,,,,,
,,,,,,,,,,,,,,,,,,,,,,,,,,,,,,
,,,,,,,,,,,,,,,,,,,,,,,,,,,,,,
,,,,,,,,,,,,,,,,,,,,,,,,,,,,,,
,,,,,,,,,,,,,,,,,,,,,,,,,,,,,,
,,,,,,,,,,,,,,,,,,,,,,,,,,,,,,
,,,,,,,,,,,,,,,,,,,,,,,,,,,,,,
,,,,,,,,,,,,,,,,,,,,,,,,,,,,,,
,,,,,,,,,,,,,,,,,,,,,,,,,,,,,,
,,,,,,,,,,,,,,,,,,,,,,,,,,,,,,
,,,,,,,,,,,,,,,,,,,,,,,,,,,,,,
,,,,,,,,,,,,,,,,,,,,,,,,,,,,,,
,,,,,,,,,,,,,,,,,,,,,,,,,,,,,,
,,,,,,,,,,,,,,,,,,,,,,,,,,,,,,
,,,,,,,,,,,,,,,,,,,,,,,,,,,,,,
,,,,,,,,,,,,,,,,,,,,,,,,,,,,,,
,,,,,,,,,,,,,,,,,,,,,,,,,,,,,,
,,,,,,,,,,,,,,,,,,,,,,,,,,,,,,
,,,,,,,,,,,,,,,,,,,,,,,,,,,,,,
,,,,,,,,,,,,,,,,,,,,,,,,,,,,,,
,,,,,,,,,,,,,,,,,,,,,,,,,,,,,,
,,,,,,,,,,,,,,,,,,,,,,,,,,,,,,
,,,,,,,,,,,,,,,,,,,,,,,,,,,,,,
,,,,,,,,,,,,,,,,,,,,,,,,,,,,,,
,,,,,,,,,,,,,,,,,,,,,,,,,,,,,,
,,,,,,,,,,,,,,,,,,,,,,,,,,,,,,
,,,,,,,,,,,,,,,,,,,,,,,,,,,,,,
,,,,,,,,,,,,,,,,,,,,,,,,,,,,,,
,,,,,,,,,,,,,,,,,,,,,,,,,,,,,,
,,,,,,,,,,,,,,,,,,,,,,,,,,,,,,
,,,,,,,,,,,,,,,,,,,,,,,,,,,,,,
,,,,,,,,,,,,,,,,,,,,,,,,,,,,,,
,,,,,,,,,,,,,,,,,,,,,,,,,,,,,,
,,,,,,,,,,,,,,,,,,,,,,,,,,,,,,
,,,,,,,,,,,,,,,,,,,,,,,,,,,,,,
,,,,,,,,,,,,,,,,,,,,,,,,,,,,,,
,,,,,,,,,,,,,,,,,,,,,,,,,,,,,,
,,,,,,,,,,,,,,,,,,,,,,,,,,,,,,
,,,,,,,,,,,,,,,,,,,,,,,,,,,,,,
,,,,,,,,,,,,,,,,,,,,,,,,,,,,,,
,,,,,,,,,,,,,,,,,,,,,,,,,,,,,,
,,,,,,,,,,,,,,,,,,,,,,,,,,,,,,
,,,,,,,,,,,,,,,,,,,,,,,,,,,,,,
,,,,,,,,,,,,,,,,,,,,,,,,,,,,,,
,,,,,,,,,,,,,,,,,,,,,,,,,,,,,,
,,,,,,,,,,,,,,,,,,,,,,,,,,,,,,
,,,,,,,,,,,,,,,,,,,,,,,,,,,,,,
,,,,,,,,,,,,,,,,,,,,,,,,,,,,,,
,,,,,,,,,,,,,,,,,,,,,,,,,,,,,,
,,,,,,,,,,,,,,,,,,,,,,,,,,,,,,41
,,,,,,,,,,,,,,,,,,,,,,,,,,,,,,42
,,,,,,,,,,,,,,,,,,,,,,,,,,,,,,43
,,,,,,,,,,,,,,,,,,,,,,,,,,,,,,44
,,,,,,,,,,,,,,,,,,,,,,,,,,,,,,45
,,,,,,,,,,,,,,,,,,,,,,,,,,,,,,46
,,,,,,,,,,,,,,,,,,,,,,,,,,,,,,47
,,,,,,,,,,,,,,,,,,,,,,,,,,,,,,
,,,,,,,,,,,,,,,,,,,,,,,,,,,,,,49
,,,,,,,,,,,,,,,,,,,,,,,,,,,,,,50
